threads,bloco_bytes,rep,tempo_s,requisicoes
8,0,1,31.7556,100000000
8,0,2,30.1102,100000000
8,0,3,33.4832,100000000
8,1024,1,41.869,100000000
8,1024,2,44.7164,100000000
8,1024,3,43.6647,100000000
8,2048,1,45.4877,100000000
8,2048,2,43.897,100000000
8,2048,3,42.6606,100000000
8,4096,1,41.2874,100000000
8,4096,2,40.5487,100000000
8,4096,3,41.1422,100000000
8,8192,1,41.6067,100000000
8,8192,2,44.1632,100000000
8,8192,3,39.8869,100000000
8,16384,1,43.884,100000000
8,16384,2,43.3132,100000000
8,16384,3,44.703,100000000
8,32768,1,48.2469,100000000
8,32768,2,44.9979,100000000
8,32768,3,44.4993,100000000
8,65536,1,42.5747,100000000
8,65536,2,47.1191,100000000
8,65536,3,47.1404,100000000
8,131072,1,46.6361,100000000
8,131072,2,45.4922,100000000
8,131072,3,45.5252,100000000
8,262144,1,47.2043,100000000
8,262144,2,44.9672,100000000
8,262144,3,44.6246,100000000
8,524288,1,45.6659,100000000
8,524288,2,44.8648,100000000
8,524288,3,44.2919,100000000
8,1048576,1,44.7519,100000000
8,1048576,2,45.5216,100000000
8,1048576,3,45.147,100000000
8,2097152,1,57.1817,100000000
8,2097152,2,56.0424,100000000
8,2097152,3,58.0984,100000000
8,4194304,1,57.5128,100000000
8,4194304,2,57.0194,100000000
8,4194304,3,55.5052,100000000
8,8388608,1,54.4304,100000000
8,8388608,2,51.9152,100000000
8,8388608,3,52.0768,100000000
8,16777216,1,51.0801,100000000
8,16777216,2,57.695,100000000
8,16777216,3,50.0866,100000000
