versao,threads,rep,tempo_s,requisicoes
seq,1,1,75.739321,100000000
seq,1,2,75.754873,100000000
seq,1,3,75.588163,100000000
mutex,1,1,80.0452,100000000
mutex,1,2,80.2245,100000000
mutex,1,3,79.9681,100000000
reducao,1,1,74.5052,100000000
reducao,1,2,75.1863,100000000
reducao,1,3,76.9476,100000000
mutex,2,1,53.6356,100000000
mutex,2,2,52.7939,100000000
mutex,2,3,51.8984,100000000
reducao,2,1,37.7345,100000000
reducao,2,2,39.558,100000000
reducao,2,3,40.7855,100000000
mutex,4,1,48.6825,100000000
mutex,4,2,49.2518,100000000
mutex,4,3,50.2025,100000000
reducao,4,1,34.283,100000000
reducao,4,2,45.7552,100000000
reducao,4,3,37.1307,100000000
mutex,8,1,57.6749,100000000
mutex,8,2,56.4341,100000000
mutex,8,3,57.7874,100000000
reducao,8,1,35.5675,100000000
reducao,8,2,40.3336,100000000
reducao,8,3,35.4971,100000000
mutex,16,1,67.7611,100000000
mutex,16,2,67.6433,100000000
mutex,16,3,66.9684,100000000
reducao,16,1,40.9014,100000000
reducao,16,2,36.0033,100000000
reducao,16,3,40.7153,100000000
