versao,threads,linhas,rep,tempo_s,requisicoes
mutex,12,15000000,1,10.13,15000000
mutex,12,15000000,2,10.1694,15000000
mutex,12,15000000,3,10.1502,15000000
mutex,12,15000000,4,10.4009,15000000
mutex,12,15000000,5,10.3523,15000000
reducao,12,15000000,1,1.2233,15000000
reducao,12,15000000,2,1.2296,15000000
reducao,12,15000000,3,1.1798,15000000
reducao,12,15000000,4,1.25,15000000
reducao,12,15000000,5,1.1967,15000000
mutex,8,10000000,1,5.9848,10000000
mutex,8,10000000,2,5.9242,10000000
mutex,8,10000000,3,5.9268,10000000
mutex,8,10000000,4,5.8723,10000000
mutex,8,10000000,5,5.8894,10000000
reducao,8,10000000,1,0.9882,10000000
reducao,8,10000000,2,0.9899,10000000
reducao,8,10000000,3,0.9869,10000000
reducao,8,10000000,4,0.9955,10000000
reducao,8,10000000,5,0.9943,10000000
mutex,4,5000000,1,2.4546,5000000
mutex,4,5000000,2,2.4618,5000000
mutex,4,5000000,3,2.5214,5000000
mutex,4,5000000,4,2.4298,5000000
mutex,4,5000000,5,2.4302,5000000
reducao,4,5000000,1,0.9111,5000000
reducao,4,5000000,2,0.9918,5000000
reducao,4,5000000,3,0.921,5000000
reducao,4,5000000,4,0.9284,5000000
reducao,4,5000000,5,0.9215,5000000
mutex,2,2500000,1,1.2277,2500000
mutex,2,2500000,2,1.2511,2500000
mutex,2,2500000,3,1.2171,2500000
mutex,2,2500000,4,1.2131,2500000
mutex,2,2500000,5,1.2226,2500000
reducao,2,2500000,1,0.9098,2500000
reducao,2,2500000,2,0.8972,2500000
reducao,2,2500000,3,0.8877,2500000
reducao,2,2500000,4,0.8959,2500000
reducao,2,2500000,5,0.8943,2500000
mutex,1,1250000,1,0.9699,1250000
mutex,1,1250000,2,0.9547,1250000
mutex,1,1250000,3,0.966,1250000
mutex,1,1250000,4,0.9787,1250000
mutex,1,1250000,5,0.9769,1250000
reducao,1,1250000,1,0.8842,1250000
reducao,1,1250000,2,0.8845,1250000
reducao,1,1250000,3,0.9332,1250000
reducao,1,1250000,4,0.901,1250000
reducao,1,1250000,5,0.8887,1250000
